Unique Key,Created Date,Closed Date,Agency,Agency Name,Complaint Type,Descriptor,Location Type,Incident Zip,Incident Address,Street Name,Cross Street 1,Cross Street 2,Intersection Street 1,Intersection Street 2,Address Type,City,Landmark,Facility Type,Status,Due Date,Resolution Description,Resolution Action Updated Date,Community Board,Borough,X Coordinate (State Plane),Y Coordinate (State Plane),Park Facility Name,Park Borough,School Name,School Number,School Region,School Code,School Phone Number,School Address,School City,School State,School Zip,School Not Found,School or Citywide Complaint,Vehicle Type,Taxi Company Borough,Taxi Pick Up Location,Bridge Highway Name,Bridge Highway Direction,Road Ramp,Bridge Highway Segment,Garage Lot Name,Ferry Direction,Ferry Terminal Name,Latitude,Longitude,Location
38072663,01/01/2018 12:00:00 AM,01/10/2018 01:56:35 PM,DOHMH,Department of Health and Mental Hygiene,Rodent,Signs of Rodents,1-2 Family Dwelling,10303,42 MAPLE PARKWAY,MAPLE PARKWAY,LINDEN AVENUE,WALLOON STREET,,,ADDRESS,STATEN ISLAND,,N/A,Closed,01/31/2018 10:20:58 AM,The Department of Health and Mental Hygiene will review your complaint to determine appropriate action.  Complaints of this type usually result in an inspection.  Please call 311 in 30 days from the date of your complaint for status,01/10/2018 01:56:35 PM,01 STATEN ISLAND,STATEN ISLAND,940841,169830,Unspecified,STATEN ISLAND,Unspecified,Unspecified,Unspecified,Unspecified,Unspecified,Unspecified,Unspecified,Unspecified,Unspecified,N,,,,,,,,,,,,40.632714316202936,-74.15639471479184,"(40.632714316202936, -74.15639471479184)"
38072873,01/01/2018 12:00:00 AM,12/14/2017 12:00:00 AM,DOHMH,Department of Health and Mental Hygiene,Rodent,Rat Sighting,3+ Family Apt. Building,11225,410 EASTERN PARKWAY,EASTERN PARKWAY,BEDFORD AVENUE,ROGERS AVENUE,,,ADDRESS,BROOKLYN,,N/A,Pending,01/31/2018 05:35:46 AM,The Department of Health and Mental Hygiene will review your complaint to determine appropriate action.  Complaints of this type usually result in an inspection.  Please call 311 in 30 days from the date of your complaint for status,01/01/2018 05:40:32 AM,09 BROOKLYN,BROOKLYN,996798,183410,Unspecified,BROOKLYN,Unspecified,Unspecified,Unspecified,Unspecified,Unspecified,Unspecified,Unspecified,Unspecified,Unspecified,N,,,,,,,,,,,,40.670085931603296,-73.95476653454561,"(40.670085931603296, -73.95476653454561)"
38072879,01/01/2018 12:00:00 AM,,DOHMH,Department of Health and Mental Hygiene,Rodent,Rat Sighting,3+ Family Apt. Building,11385,1716 WOODBINE STREET,WOODBINE STREET,CYPRESS AVENUE,SENECA AVENUE,,,ADDRESS,Ridgewood,,N/A,Assigned,01/31/2018 07:49:25 PM,The Department of Health and Mental Hygiene will review your complaint to determine appropriate action.  Complaints of this type usually result in an inspection.  Please call 311 in 30 days from the date of your complaint for status,01/01/2018 07:59:28 PM,05 QUEENS,QUEENS,1009818,194879,Unspecified,QUEENS,Unspecified,Unspecified,Unspecified,Unspecified,Unspecified,Unspecified,Unspecified,Unspecified,Unspecified,N,,,,,,,,,,,,40.70153766731502,-73.90778809110594,"(40.70153766731502, -73.90778809110594)"
38075059,01/01/2018 12:00:00 AM,,DOHMH,Department of Health and Mental Hygiene,Rodent,Signs of Rodents,3+ Family Apt. Building,10457,346 EAST 173RD STREET,EAST 173RD STREET,,,,,LATLONG,BRONX,,N/A,Assigned,01/31/2018 05:25:41 PM,The Department of Health and Mental Hygiene will review your complaint to determine appropriate action.  Complaints of this type usually result in an inspection.  Please call 311 in 30 days from the date of your complaint for status,01/01/2018 05:28:08 PM,01 BRONX,BRONX,1010467,246503,Unspecified,BRONX,Unspecified,Unspecified,Unspecified,Unspecified,Unspecified,Unspecified,Unspecified,Unspecified,Unspecified,N,,,,,,,,,,,,40.843230037937616,-73.90524605614317,"(40.843230037937616, -73.90524605614317)"
38075351,01/01/2018 12:00:00 AM,,DOHMH,Department of Health and Mental Hygiene,Rodent,Rat Sighting,3+ Family Apt. Building,11385,1716 WOODBINE STREET,WOODBINE STREET,CYPRESS AVENUE,SENECA AVENUE,,,ADDRESS,Ridgewood,,N/A,Assigned,01/31/2018 07:59:46 PM,The Department of Health and Mental Hygiene will review your complaint to determine appropriate action.  Complaints of this type usually result in an inspection.  Please call 311 in 30 days from the date of your complaint for status,01/01/2018 08:07:35 PM,05 QUEENS,QUEENS,1009818,194879,Unspecified,QUEENS,Unspecified,Unspecified,Unspecified,Unspecified,Unspecified,Unspecified,Unspecified,Unspecified,Unspecified,N,,,,,,,,,,,,40.70153766731502,-73.90778809110594,"(40.70153766731502, -73.90778809110594)"
38076542,01/01/2018 12:00:00 AM,11/27/2017 12:00:00 AM,DOHMH,Department of Health and Mental Hygiene,Rodent,Rat Sighting,3+ Family Apt. Building,10463,3446 FORT INDEPENDENCE STREET,FORT INDEPENDENCE STREET,BEND,ORLOFF AVENUE,,,ADDRESS,BRONX,,N/A,Pending,01/31/2018 02:08:49 PM,The Department of Health and Mental Hygiene will review your complaint to determine appropriate action.  Complaints of this type usually result in an inspection.  Please call 311 in 30 days from the date of your complaint for status,01/01/2018 02:17:06 PM,08 BRONX,BRONX,1012182,260478,Unspecified,BRONX,Unspecified,Unspecified,Unspecified,Unspecified,Unspecified,Unspecified,Unspecified,Unspecified,Unspecified,N,,,,,,,,,,,,40.88158190996572,-73.89898943540017,"(40.88158190996572, -73.89898943540017)"
38076594,01/01/2018 12:00:00 AM,,DOHMH,Department of Health and Mental Hygiene,Rodent,Rat Sighting,3+ Family Apt. Building,11368,9715 HORACE HARDING EXPRESSWAY,HORACE HARDING EXPRESSWAY,,,,,LATLONG,CORONA,,N/A,Assigned,01/31/2018 01:49:25 PM,The Department of Health and Mental Hygiene will review your complaint to determine appropriate action.  Complaints of this type usually result in an inspection.  Please call 311 in 30 days from the date of your complaint for status,01/01/2018 01:51:51 PM,01 QUEENS,QUEENS,1022543,207323,Unspecified,QUEENS,Unspecified,Unspecified,Unspecified,Unspecified,Unspecified,Unspecified,Unspecified,Unspecified,Unspecified,N,,,,,,,,,,,,40.73564749690615,-73.86182419252216,"(40.73564749690615, -73.86182419252216)"
38076623,01/01/2018 12:00:00 AM,,DOHMH,Department of Health and Mental Hygiene,Rodent,Rat Sighting,3+ Family Apt. Building,10025,244 WEST 109TH STREET,WEST 109TH STREET,,,,,LATLONG,NEW YORK,,N/A,Assigned,01/31/2018 08:44:11 PM,The Department of Health and Mental Hygiene will review your complaint to determine appropriate action.  Complaints of this type usually result in an inspection.  Please call 311 in 30 days from the date of your complaint for status,01/01/2018 08:47:17 PM,01 MANHATTAN,MANHATTAN,993564,231842,Unspecified,MANHATTAN,Unspecified,Unspecified,Unspecified,Unspecified,Unspecified,Unspecified,Unspecified,Unspecified,Unspecified,N,,,,,,,,,,,,40.80302375748642,-73.96635751596169,"(40.80302375748642, -73.96635751596169)"
38077556,01/01/2018 12:00:00 AM,,DOHMH,Department of Health and Mental Hygiene,Rodent,Signs of Rodents,3+ Family Apt. Building,11370,32-06 82ND STREET,82ND STREET,,,,,LATLONG,EAST ELMHURST,,N/A,Assigned,01/31/2018 01:30:21 PM,The Department of Health and Mental Hygiene will review your complaint to determine appropriate action.  Complaints of this type usually result in an inspection.  Please call 311 in 30 days from the date of your complaint for status,01/01/2018 01:33:39 PM,01 QUEENS,QUEENS,1015841,215218,Unspecified,QUEENS,Unspecified,Unspecified,Unspecified,Unspecified,Unspecified,Unspecified,Unspecified,Unspecified,Unspecified,N,,,,,,,,,,,,40.75734374971013,-73.8859704602791,"(40.75734374971013, -73.8859704602791)"
38077835,01/01/2018 12:00:00 AM,10/19/2017 12:00:00 AM,DOHMH,Department of Health and Mental Hygiene,Rodent,Rat Sighting,Other (Explain Below),11206,148 TOMPKINS AVENUE,TOMPKINS AVENUE,,,,,LATLONG,BROOKLYN,,N/A,Pending,01/31/2018 06:53:23 PM,The Department of Health and Mental Hygiene will review your complaint to determine appropriate action.  Complaints of this type usually result in an inspection.  Please call 311 in 30 days from the date of your complaint for status,01/01/2018 06:56:56 PM,01 BROOKLYN,BROOKLYN,999206,192126,Unspecified,BROOKLYN,Unspecified,Unspecified,Unspecified,Unspecified,Unspecified,Unspecified,Unspecified,Unspecified,Unspecified,N,,,,,,,,,,,,40.69400562370198,-73.94606674967356,"(40.69400562370198, -73.94606674967356)"
38079070,01/01/2018 12:00:00 AM,,DOHMH,Department of Health and Mental Hygiene,Rodent,Rat Sighting,3+ Family Apt. Building,10463,58 MARBLE HILL AVENUE,MARBLE HILL AVENUE,,,,,LATLONG,BRONX,,N/A,Assigned,01/31/2018 10:02:15 AM,The Department of Health and Mental Hygiene will review your complaint to determine appropriate action.  Complaints of this type usually result in an inspection.  Please call 311 in 30 days from the date of your complaint for status,01/01/2018 10:05:50 AM,01 MANHATTAN,MANHATTAN,1009360,258359,Unspecified,MANHATTAN,Unspecified,Unspecified,Unspecified,Unspecified,Unspecified,Unspecified,Unspecified,Unspecified,Unspecified,N,,,,,,,,,,,,40.87577439514889,-73.90920257654744,"(40.87577439514889, -73.90920257654744)"
38079952,01/01/2018 12:00:00 AM,,DOHMH,Department of Health and Mental Hygiene,Rodent,Signs of Rodents,Vacant Building,10458,232 EAST  201 STREET,EAST  201 STREET,GRAND CONCOURSE,VALENTINE AVENUE,,,ADDRESS,BRONX,,N/A,Assigned,01/31/2018 08:16:27 AM,The Department of Health and Mental Hygiene will review your complaint to determine appropriate action.  Complaints of this type usually result in an inspection.  Please call 311 in 30 days from the date of your complaint for status,01/01/2018 08:19:43 AM,07 BRONX,BRONX,1015784,257120,Unspecified,BRONX,Unspecified,Unspecified,Unspecified,Unspecified,Unspecified,Unspecified,Unspecified,Unspecified,Unspecified,N,,,,,,,,,,,,40.87235311028456,-73.88597933385921,"(40.87235311028456, -73.88597933385921)"
38080127,01/01/2018 12:00:00 AM,,DOHMH,Department of Health and Mental Hygiene,Rodent,Rat Sighting,1-2 Family Dwelling,11691,13-21 GIPSON STREET,GIPSON STREET,MOTT AVENUE,JAYDEE COURT,,,ADDRESS,Far Rockaway,,N/A,Assigned,01/31/2018 03:33:50 PM,The Department of Health and Mental Hygiene will review your complaint to determine appropriate action.  Complaints of this type usually result in an inspection.  Please call 311 in 30 days from the date of your complaint for status,01/01/2018 03:39:10 PM,14 QUEENS,QUEENS,1051290,160388,Unspecified,QUEENS,Unspecified,Unspecified,Unspecified,Unspecified,Unspecified,Unspecified,Unspecified,Unspecified,Unspecified,N,,,,,,,,,,,,40.60665076521867,-73.75856121570584,"(40.60665076521867, -73.75856121570584)"
38073216,01/01/2018 12:00:00 AM,01/03/2018 12:00:00 AM,DOHMH,Department of Health and Mental Hygiene,Rodent,Signs of Rodents,3+ Family Apt. Building,10040,45 WADSWORTH TERRACE,WADSWORTH TERRACE,WEST 190 STREET,FAIRVIEW AVENUE,,,ADDRESS,NEW YORK,,N/A,Closed,01/31/2018 10:15:26 AM,The Department of Health and Mental Hygiene will review your complaint to determine appropriate action.  Complaints of this type usually result in an inspection.  Please call 311 in 30 days from the date of your complaint for status,01/03/2018 12:00:00 AM,12 MANHATTAN,MANHATTAN,1003180,251108,Unspecified,MANHATTAN,Unspecified,Unspecified,Unspecified,Unspecified,Unspecified,Unspecified,Unspecified,Unspecified,Unspecified,N,,,,,,,,,,,,40.85588802556055,-73.93156984558253,"(40.85588802556055, -73.93156984558253)"
38077583,01/01/2018 12:00:00 AM,01/02/2018 12:00:01 AM,DOHMH,Department of Health and Mental Hygiene,Food Poisoning,1 or 2,Restaurant/Bar/Deli/Bakery,11374,98-95 QUEENS BOULEVARD,QUEENS BOULEVARD,66 AVENUE,66 ROAD,,,ADDRESS,Rego Park,,N/A,Closed,01/15/2018 11:32:24 PM,"The Department of Health and Mental Hygiene will review your complaint within 24 hours.  Complaints of this type usually result in complainant contact and/or inspection by the agency. Initial status will be available 14 days after the date of your complaint by calling 311. If you are experiencing medical symptoms, please seek medical attention or consult the NYC Poison Control Center which can be reached through 311.   Please note your Service Request number for future reference.",01/05/2018 02:30:11 PM,06 QUEENS,QUEENS,1024374,204365,Unspecified,QUEENS,Unspecified,Unspecified,Unspecified,Unspecified,Unspecified,Unspecified,Unspecified,Unspecified,Unspecified,N,,,,,,,,,,,,40.72752040635547,-73.85523489454108,"(40.72752040635547, -73.85523489454108)"
38080334,01/01/2018 12:00:00 AM,01/03/2018 12:00:00 AM,DOHMH,Department of Health and Mental Hygiene,Rodent,Condition Attracting Rodents,3+ Family Apt. Building,10031,569 WEST 150TH STREET,WEST 150TH STREET,,,,,LATLONG,NEW YORK,,N/A,Closed,01/31/2018 02:22:00 AM,The Department of Health and Mental Hygiene will review your complaint to determine appropriate action.  Complaints of this type usually result in an inspection.  Please call 311 in 30 days from the date of your complaint for status,01/03/2018 12:00:00 AM,01 MANHATTAN,MANHATTAN,998723,241497,Unspecified,MANHATTAN,Unspecified,Unspecified,Unspecified,Unspecified,Unspecified,Unspecified,Unspecified,Unspecified,Unspecified,N,,,,,,,,,,,,40.82951707730734,-73.94770221576786,"(40.82951707730734, -73.94770221576786)"
35144092,01/01/2017 12:00:00 AM,01/03/2017 12:45:53 PM,DOHMH,Department of Health and Mental Hygiene,Food Poisoning,1 or 2,Restaurant/Bar/Deli/Bakery,11372,37-50 74 STREET,74 STREET,BEND,37 ROAD,,,ADDRESS,Jackson Heights,,N/A,Closed,01/15/2017 04:05:31 PM,"The Department of Health and Mental Hygiene will review your complaint within 24 hours.  Complaints of this type usually result in complainant contact and/or inspection by the agency. Initial status will be available 14 days after the date of your complaint by calling 311. If you are experiencing medical symptoms, please seek medical attention or consult the NYC Poison Control Center which can be reached through 311.   Please note your Service Request number for future reference.",01/03/2017 12:45:47 PM,03 QUEENS,QUEENS,1014281,211716,Unspecified,QUEENS,Unspecified,Unspecified,Unspecified,Unspecified,Unspecified,Unspecified,Unspecified,Unspecified,Unspecified,N,,,,,,,,,,,,40.74773709042776,-73.89161700465571,"(40.74773709042776, -73.89161700465571)"
38070506,01/01/2018 12:00:00 AM,01/10/2018 03:53:17 PM,DOHMH,Department of Health and Mental Hygiene,Rodent,Condition Attracting Rodents,1-2 Family Dwelling,10303,277 PULASKI AVENUE,PULASKI AVENUE,,,,,LATLONG,STATEN ISLAND,,N/A,Closed,01/31/2018 01:51:21 AM,The Department of Health and Mental Hygiene will review your complaint to determine appropriate action.  Complaints of this type usually result in an inspection.  Please call 311 in 30 days from the date of your complaint for status,01/10/2018 03:53:17 PM,01 STATEN ISLAND,STATEN ISLAND,943326,169409,Unspecified,STATEN ISLAND,Unspecified,Unspecified,Unspecified,Unspecified,Unspecified,Unspecified,Unspecified,Unspecified,Unspecified,N,,,,,,,,,,,,40.6315705911404,-74.14743917718383,"(40.6315705911404, -74.14743917718383)"
38081276,01/01/2018 12:00:00 AM,01/08/2018 12:00:00 AM,DOHMH,Department of Health and Mental Hygiene,Rodent,Condition Attracting Rodents,3+ Family Apt. Building,10033,500 WEST  176 STREET,WEST  176 STREET,AMSTERDAM AVENUE,AUDUBON AVENUE,,,ADDRESS,NEW YORK,,N/A,Closed,01/31/2018 04:45:44 PM,The Department of Health and Mental Hygiene will review your complaint to determine appropriate action.  Complaints of this type usually result in an inspection.  Please call 311 in 30 days from the date of your complaint for status,01/08/2018 12:00:00 AM,12 MANHATTAN,MANHATTAN,1002710,247112,Unspecified,MANHATTAN,Unspecified,Unspecified,Unspecified,Unspecified,Unspecified,Unspecified,Unspecified,Unspecified,Unspecified,N,,,,,,,,,,,,40.84492118708114,-73.9332798527735,"(40.84492118708114, -73.9332798527735)"
38079028,01/01/2018 12:00:00 AM,01/09/2018 12:00:00 AM,DOHMH,Department of Health and Mental Hygiene,Rodent,Rat Sighting,3+ Family Apt. Building,10457,1515 SELWYN AVENUE,SELWYN AVENUE,EAST 172 STREET,EAST MT EDEN AVENUE,,,ADDRESS,BRONX,,N/A,Closed,01/31/2018 09:26:43 AM,The Department of Health and Mental Hygiene will review your complaint to determine appropriate action.  Complaints of this type usually result in an inspection.  Please call 311 in 30 days from the date of your complaint for status,01/09/2018 12:00:00 AM,04 BRONX,BRONX,1009067,245630,Unspecified,BRONX,Unspecified,Unspecified,Unspecified,Unspecified,Unspecified,Unspecified,Unspecified,Unspecified,Unspecified,N,,,,,,,,,,,,40.84083795474705,-73.910309187823,"(40.84083795474705, -73.910309187823)"
35138559,01/01/2017 12:00:00 AM,01/05/2017 12:00:00 AM,DOHMH,Department of Health and Mental Hygiene,Rodent,Rat Sighting,1-2 Family Dwelling,11234,1366 EAST 38TH STREET,EAST 38TH STREET,,,,,LATLONG,BROOKLYN,,N/A,Closed,01/31/2017 12:19:50 AM,The Department of Health and Mental Hygiene will review your complaint to determine appropriate action.  Complaints of this type usually result in an inspection.  Please call 311 in 30 days from the date of your complaint for status,01/05/2017 12:00:00 AM,Unspecified BROOKLYN,BROOKLYN,1001444,165508,Unspecified,BROOKLYN,Unspecified,Unspecified,Unspecified,Unspecified,Unspecified,Unspecified,Unspecified,Unspecified,Unspecified,N,,,,,,,,,,,,40.62094101315746,-73.93806410627543,"(40.62094101315746, -73.93806410627543)"
35141040,01/01/2017 12:00:00 AM,01/05/2017 12:00:00 AM,DOHMH,Department of Health and Mental Hygiene,Rodent,Rat Sighting,Other (Explain Below),11249,,,,,,,LATLONG,BROOKLYN,,N/A,Closed,01/31/2017 12:17:07 AM,The Department of Health and Mental Hygiene will review your complaint to determine appropriate action.  Complaints of this type usually result in an inspection.  Please call 311 in 30 days from the date of your complaint for status,01/05/2017 12:00:00 AM,Unspecified BROOKLYN,BROOKLYN,995104,194730,Unspecified,BROOKLYN,Unspecified,Unspecified,Unspecified,Unspecified,Unspecified,Unspecified,Unspecified,Unspecified,Unspecified,N,,,,,,,,,,,,40.701158978211296,-73.9608548880506,"(40.701158978211296, -73.9608548880506)"
35143953,01/01/2017 12:00:00 AM,01/03/2017 12:00:00 AM,DOHMH,Department of Health and Mental Hygiene,Rodent,Mouse Sighting,3+ Family Apt. Building,11435,88-09 148 STREET,148 STREET,88 AVENUE,89 AVENUE,,,ADDRESS,Jamaica,,N/A,Closed,01/31/2017 06:11:47 PM,The Department of Health and Mental Hygiene will review your complaint to determine appropriate action.  Complaints of this type usually result in an inspection.  Please call 311 in 30 days from the date of your complaint for status,01/03/2017 12:00:00 AM,12 QUEENS,QUEENS,1037497,196172,Unspecified,QUEENS,Unspecified,Unspecified,Unspecified,Unspecified,Unspecified,Unspecified,Unspecified,Unspecified,Unspecified,N,,,,,,,,,,,,40.70496337683895,-73.80795279809149,"(40.70496337683895, -73.80795279809149)"
35144123,01/01/2017 12:00:00 AM,01/04/2017 12:00:01 AM,DOHMH,Department of Health and Mental Hygiene,Food Poisoning,1 or 2,Restaurant/Bar/Deli/Bakery,11105,29-05 23 AVENUE,23 AVENUE,29 STREET,31 STREET,,,ADDRESS,Astoria,,N/A,Closed,01/15/2017 08:57:46 PM,"The Department of Health and Mental Hygiene will review your complaint within 24 hours.  Complaints of this type usually result in complainant contact and/or inspection by the agency. Initial status will be available 14 days after the date of your complaint by calling 311. If you are experiencing medical symptoms, please seek medical attention or consult the NYC Poison Control Center which can be reached through 311.   Please note your Service Request number for future reference.",01/09/2017 04:05:00 PM,01 QUEENS,QUEENS,1008153,221627,Unspecified,QUEENS,Unspecified,Unspecified,Unspecified,Unspecified,Unspecified,Unspecified,Unspecified,Unspecified,Unspecified,N,,,,,,,,,,,,40.77495891402612,-73.91369792801767,"(40.77495891402612, -73.91369792801767)"
35144272,01/01/2017 12:00:00 AM,01/18/2017 12:00:00 AM,DOHMH,Department of Health and Mental Hygiene,Rodent,Rat Sighting,3+ Family Apt. Building,11101,11-58 49 AVENUE,49 AVENUE,11 PLACE,21 STREET,,,ADDRESS,Long Island City,,N/A,Closed,01/31/2017 07:42:10 PM,The Department of Health and Mental Hygiene will review your complaint to determine appropriate action.  Complaints of this type usually result in an inspection.  Please call 311 in 30 days from the date of your complaint for status,01/18/2017 12:00:00 AM,02 QUEENS,QUEENS,998027,209871,Unspecified,QUEENS,Unspecified,Unspecified,Unspecified,Unspecified,Unspecified,Unspecified,Unspecified,Unspecified,Unspecified,N,,,,,,,,,,,,40.74271328958848,-73.95028205412777,"(40.74271328958848, -73.95028205412777)"
35144300,01/01/2017 12:00:00 AM,01/11/2017 12:00:00 AM,DOHMH,Department of Health and Mental Hygiene,Rodent,Rat Sighting,3+ Family Apt. Building,11207,650 WILSON AVENUE,WILSON AVENUE,,,,,LATLONG,BROOKLYN,,N/A,Closed,01/31/2017 04:43:49 PM,The Department of Health and Mental Hygiene will review your complaint to determine appropriate action.  Complaints of this type usually result in an inspection.  Please call 311 in 30 days from the date of your complaint for status,01/11/2017 12:00:00 AM,Unspecified BROOKLYN,BROOKLYN,1010640,190241,Unspecified,BROOKLYN,Unspecified,Unspecified,Unspecified,Unspecified,Unspecified,Unspecified,Unspecified,Unspecified,Unspecified,N,,,,,,,,,,,,40.68880502754603,-73.90484169185505,"(40.68880502754603, -73.90484169185505)"
35144638,01/01/2017 12:00:00 AM,11/23/2016 12:00:00 AM,DOHMH,Department of Health and Mental Hygiene,Rodent,Mouse Sighting,Commercial Building,10012,144 BLEECKER STREET,BLEECKER STREET,,,,,LATLONG,NEW YORK,,N/A,Pending,01/31/2017 06:54:40 PM,The Department of Health and Mental Hygiene will review your complaint to determine appropriate action.  Complaints of this type usually result in an inspection.  Please call 311 in 30 days from the date of your complaint for status,11/23/2016 12:00:00 AM,Unspecified MANHATTAN,MANHATTAN,984438,204531,Unspecified,MANHATTAN,Unspecified,Unspecified,Unspecified,Unspecified,Unspecified,Unspecified,Unspecified,Unspecified,Unspecified,N,,,,,,,,,,,,40.728067036033075,-73.99932170145838,"(40.728067036033075, -73.99932170145838)"
35144883,01/01/2017 12:00:00 AM,11/03/2016 12:00:00 AM,DOHMH,Department of Health and Mental Hygiene,Rodent,Rat Sighting,3+ Family Apt. Building,10459,801 LA 65 DE INFANTER?A,LA 65 DE INFANTER?A,,,,,LATLONG,BRONX,,N/A,Pending,01/31/2017 09:17:53 PM,The Department of Health and Mental Hygiene will review your complaint to determine appropriate action.  Complaints of this type usually result in an inspection.  Please call 311 in 30 days from the date of your complaint for status,11/03/2016 12:00:00 AM,Unspecified BRONX,BRONX,1012994,236814,Unspecified,BRONX,Unspecified,Unspecified,Unspecified,Unspecified,Unspecified,Unspecified,Unspecified,Unspecified,Unspecified,N,,,,,,,,,,,,40.81662866328507,-73.89615444996875,"(40.81662866328507, -73.89615444996875)"
35144884,01/01/2017 12:00:00 AM,12/14/2016 12:00:00 AM,DOHMH,Department of Health and Mental Hygiene,Rodent,Rat Sighting,1-2 Family Dwelling,11206,48 JEFFERSON STREET,JEFFERSON STREET,STANWIX STREET,EVERGREEN AVENUE,,,ADDRESS,BROOKLYN,,N/A,Pending,01/31/2017 03:05:56 PM,The Department of Health and Mental Hygiene will review your complaint to determine appropriate action.  Complaints of this type usually result in an inspection.  Please call 311 in 30 days from the date of your complaint for status,12/14/2016 12:00:00 AM,04 BROOKLYN,BROOKLYN,1002765,193819,Unspecified,BROOKLYN,Unspecified,Unspecified,Unspecified,Unspecified,Unspecified,Unspecified,Unspecified,Unspecified,Unspecified,N,,,,,,,,,,,,40.698645783803244,-73.93322789087821,"(40.698645783803244, -73.93322789087821)"
35145381,01/01/2017 12:00:00 AM,12/05/2016 12:00:00 AM,DOHMH,Department of Health and Mental Hygiene,Rodent,Rat Sighting,3+ Family Apt. Building,10010,202 EAST   21 STREET,EAST   21 STREET,3 AVENUE,2 AVENUE,,,ADDRESS,NEW YORK,,N/A,Pending,01/31/2017 12:18:49 PM,The Department of Health and Mental Hygiene will review your complaint to determine appropriate action.  Complaints of this type usually result in an inspection.  Please call 311 in 30 days from the date of your complaint for status,12/05/2016 12:00:00 AM,06 MANHATTAN,MANHATTAN,988762,207926,Unspecified,MANHATTAN,Unspecified,Unspecified,Unspecified,Unspecified,Unspecified,Unspecified,Unspecified,Unspecified,Unspecified,N,,,,,,,,,,,,40.737384328147535,-73.9837185584909,"(40.737384328147535, -73.9837185584909)"
35145382,01/01/2017 12:00:00 AM,01/06/2017 12:00:00 AM,DOHMH,Department of Health and Mental Hygiene,Rodent,Rat Sighting,3+ Family Apt. Building,11212,74 EAST   95 STREET,EAST   95 STREET,EAST NEW YORK AVENUE,RUTLAND ROAD,,,ADDRESS,BROOKLYN,,N/A,Closed,01/31/2017 03:09:37 PM,The Department of Health and Mental Hygiene will review your complaint to determine appropriate action.  Complaints of this type usually result in an inspection.  Please call 311 in 30 days from the date of your complaint for status,01/06/2017 12:00:00 AM,17 BROOKLYN,BROOKLYN,1004779,181127,Unspecified,BROOKLYN,Unspecified,Unspecified,Unspecified,Unspecified,Unspecified,Unspecified,Unspecified,Unspecified,Unspecified,N,,,,,,,,,,,,40.66380469754145,-73.92600331211473,"(40.66380469754145, -73.92600331211473)"
35145533,01/01/2017 12:00:00 AM,12/02/2016 12:00:00 AM,DOHMH,Department of Health and Mental Hygiene,Rodent,Condition Attracting Rodents,3+ Family Apt. Building,10455,588 TIMPSON PLACE,TIMPSON PLACE,,,,,LATLONG,BRONX,,N/A,Pending,01/31/2017 05:07:59 PM,The Department of Health and Mental Hygiene will review your complaint to determine appropriate action.  Complaints of this type usually result in an inspection.  Please call 311 in 30 days from the date of your complaint for status,12/02/2016 12:00:00 AM,Unspecified BRONX,BRONX,1011515,235057,Unspecified,BRONX,Unspecified,Unspecified,Unspecified,Unspecified,Unspecified,Unspecified,Unspecified,Unspecified,Unspecified,N,,,,,,,,,,,,40.811810880734136,-73.90150487410385,"(40.811810880734136, -73.90150487410385)"
35145550,01/01/2017 12:00:00 AM,01/05/2017 12:00:00 AM,DOHMH,Department of Health and Mental Hygiene,Rodent,Condition Attracting Rodents,3+ Family Apt. Building,11238,145 GREENE AVENUE,GREENE AVENUE,WAVERLY AVENUE,WASHINGTON AVENUE,,,ADDRESS,BROOKLYN,,N/A,Closed,01/31/2017 09:53:08 PM,The Department of Health and Mental Hygiene will review your complaint to determine appropriate action.  Complaints of this type usually result in an inspection.  Please call 311 in 30 days from the date of your complaint for status,01/05/2017 12:00:00 AM,02 BROOKLYN,BROOKLYN,993613,189450,Unspecified,BROOKLYN,Unspecified,Unspecified,Unspecified,Unspecified,Unspecified,Unspecified,Unspecified,Unspecified,Unspecified,N,,,,,,,,,,,,40.68666830508431,-73.96623954013091,"(40.68666830508431, -73.96623954013091)"
35145810,01/01/2017 12:00:00 AM,01/03/2017 12:00:00 AM,DOHMH,Department of Health and Mental Hygiene,Rodent,Mouse Sighting,1-2 Family Dwelling,10314,435 WILLOWBROOK ROAD,WILLOWBROOK ROAD,HOLGATE STREET,AUBURN AVENUE,,,ADDRESS,STATEN ISLAND,,N/A,Closed,01/31/2017 02:34:05 PM,The Department of Health and Mental Hygiene will review your complaint to determine appropriate action.  Complaints of this type usually result in an inspection.  Please call 311 in 30 days from the date of your complaint for status,01/03/2017 12:00:00 AM,01 STATEN ISLAND,STATEN ISLAND,943555,162633,Unspecified,STATEN ISLAND,Unspecified,Unspecified,Unspecified,Unspecified,Unspecified,Unspecified,Unspecified,Unspecified,Unspecified,N,,,,,,,,,,,,40.61297296721102,-74.14657329951517,"(40.61297296721102, -74.14657329951517)"
35145984,01/01/2017 12:00:00 AM,01/12/2017 12:00:00 AM,DOHMH,Department of Health and Mental Hygiene,Rodent,Rat Sighting,Other (Explain Below),11225,,,,,ROGERS AVENUE,EMPIRE BOULEVARD,INTERSECTION,BROOKLYN,,N/A,Closed,01/31/2017 11:19:25 AM,The Department of Health and Mental Hygiene will review your complaint to determine appropriate action.  Complaints of this type usually result in an inspection.  Please call 311 in 30 days from the date of your complaint for status,01/12/2017 12:00:00 AM,09 BROOKLYN,BROOKLYN,997054,181094,Unspecified,BROOKLYN,Unspecified,Unspecified,Unspecified,Unspecified,Unspecified,Unspecified,Unspecified,Unspecified,Unspecified,N,,,,,,,,,,,,40.66372866119828,-73.95384809572647,"(40.66372866119828, -73.95384809572647)"
35145996,01/01/2017 12:00:00 AM,12/05/2016 12:00:00 AM,DOHMH,Department of Health and Mental Hygiene,Rodent,Rat Sighting,3+ Family Apt. Building,10010,202 EAST   21 STREET,EAST   21 STREET,3 AVENUE,2 AVENUE,,,ADDRESS,NEW YORK,,N/A,Pending,01/31/2017 12:26:05 PM,The Department of Health and Mental Hygiene will review your complaint to determine appropriate action.  Complaints of this type usually result in an inspection.  Please call 311 in 30 days from the date of your complaint for status,12/05/2016 12:00:00 AM,06 MANHATTAN,MANHATTAN,988762,207926,Unspecified,MANHATTAN,Unspecified,Unspecified,Unspecified,Unspecified,Unspecified,Unspecified,Unspecified,Unspecified,Unspecified,N,,,,,,,,,,,,40.737384328147535,-73.9837185584909,"(40.737384328147535, -73.9837185584909)"
35145997,01/01/2017 12:00:00 AM,10/16/2016 12:00:00 AM,DOHMH,Department of Health and Mental Hygiene,Rodent,Rat Sighting,Commercial Building,11201,140 COURT STREET,COURT STREET,ATLANTIC AVENUE,PACIFIC STREET,,,ADDRESS,BROOKLYN,,N/A,Pending,01/31/2017 11:21:44 PM,The Department of Health and Mental Hygiene will review your complaint to determine appropriate action.  Complaints of this type usually result in an inspection.  Please call 311 in 30 days from the date of your complaint for status,10/16/2016 12:00:00 AM,06 BROOKLYN,BROOKLYN,986304,190386,Unspecified,BROOKLYN,Unspecified,Unspecified,Unspecified,Unspecified,Unspecified,Unspecified,Unspecified,Unspecified,Unspecified,N,,,,,,,,,,,,40.68924212426504,-73.9925935427062,"(40.68924212426504, -73.9925935427062)"
35146060,01/01/2017 12:00:00 AM,01/04/2017 12:00:00 AM,DOHMH,Department of Health and Mental Hygiene,Unsanitary Animal Pvt Property,Dog,3+ Family Apartment Building,10030,137 WEST  141 STREET,WEST  141 STREET,LENOX AVENUE,7 AVENUE,,,ADDRESS,NEW YORK,,N/A,Closed,01/31/2017 09:30:40 AM,The Department of Health and Mental Hygiene will review your complaint to determine appropriate action.  Complaints of this type usually result in an inspection.  Please call 311 in 30 days from the date of your complaint for status,01/04/2017 12:00:00 AM,10 MANHATTAN,MANHATTAN,1001172,237389,Unspecified,MANHATTAN,Unspecified,Unspecified,Unspecified,Unspecified,Unspecified,Unspecified,Unspecified,Unspecified,Unspecified,N,,,,,,,,,,,,40.81823743285434,-73.93886318501868,"(40.81823743285434, -73.93886318501868)"
35146118,01/01/2017 12:00:00 AM,12/07/2016 12:00:00 AM,DOHMH,Department of Health and Mental Hygiene,Rodent,Condition Attracting Rodents,3+ Family Apt. Building,11233,1438 EASTERN PARKWAY,EASTERN PARKWAY,,,,,LATLONG,BROOKLYN,,N/A,Pending,01/31/2017 06:40:19 PM,The Department of Health and Mental Hygiene will review your complaint to determine appropriate action.  Complaints of this type usually result in an inspection.  Please call 311 in 30 days from the date of your complaint for status,12/07/2016 12:00:00 AM,Unspecified BROOKLYN,BROOKLYN,1006300,182994,Unspecified,BROOKLYN,Unspecified,Unspecified,Unspecified,Unspecified,Unspecified,Unspecified,Unspecified,Unspecified,Unspecified,N,,,,,,,,,,,,40.668925538137415,-73.92051477098909,"(40.668925538137415, -73.92051477098909)"
35146488,01/01/2017 12:00:00 AM,01/11/2017 12:00:00 AM,DOHMH,Department of Health and Mental Hygiene,Rodent,Rat Sighting,1-2 Family Dwelling,11207,1162 HALSEY STREET,HALSEY STREET,CENTRAL AVENUE,WILSON AVENUE,,,ADDRESS,BROOKLYN,,N/A,Closed,01/31/2017 01:03:23 PM,The Department of Health and Mental Hygiene will review your complaint to determine appropriate action.  Complaints of this type usually result in an inspection.  Please call 311 in 30 days from the date of your complaint for status,01/11/2017 12:00:00 AM,04 BROOKLYN,BROOKLYN,1009079,190877,Unspecified,BROOKLYN,Unspecified,Unspecified,Unspecified,Unspecified,Unspecified,Unspecified,Unspecified,Unspecified,Unspecified,N,,,,,,,,,,,,40.690555217060066,-73.91046807135389,"(40.690555217060066, -73.91046807135389)"
35146489,01/01/2017 12:00:00 AM,01/05/2017 12:00:00 AM,DOHMH,Department of Health and Mental Hygiene,Rodent,Rat Sighting,Vacant Lot,10028,315 EAST   86 STREET,EAST   86 STREET,2 AVENUE,1 AVENUE,,,ADDRESS,NEW YORK,,N/A,Closed,01/31/2017 06:01:59 AM,The Department of Health and Mental Hygiene will review your complaint to determine appropriate action.  Complaints of this type usually result in an inspection.  Please call 311 in 30 days from the date of your complaint for status,01/05/2017 12:00:00 AM,08 MANHATTAN,MANHATTAN,997781,222593,Unspecified,MANHATTAN,Unspecified,Unspecified,Unspecified,Unspecified,Unspecified,Unspecified,Unspecified,Unspecified,Unspecified,N,,,,,,,,,,,,40.77763229189545,-73.95114420408909,"(40.77763229189545, -73.95114420408909)"
35146519,01/01/2017 12:00:00 AM,01/05/2017 12:00:00 AM,DOHMH,Department of Health and Mental Hygiene,Rodent,Rat Sighting,1-2 Family Dwelling,10457,2005 CROTONA AVENUE,CROTONA AVENUE,,,,,LATLONG,BRONX,,N/A,Closed,01/31/2017 11:22:43 PM,The Department of Health and Mental Hygiene will review your complaint to determine appropriate action.  Complaints of this type usually result in an inspection.  Please call 311 in 30 days from the date of your complaint for status,01/05/2017 12:00:00 AM,Unspecified BRONX,BRONX,1014679,247927,Unspecified,BRONX,Unspecified,Unspecified,Unspecified,Unspecified,Unspecified,Unspecified,Unspecified,Unspecified,Unspecified,N,,,,,,,,,,,,40.84712498704449,-73.89001652442252,"(40.84712498704449, -73.89001652442252)"
35146520,01/01/2017 12:00:00 AM,12/14/2016 12:00:00 AM,DOHMH,Department of Health and Mental Hygiene,Rodent,Rat Sighting,3+ Family Apt. Building,11206,48 JEFFERSON STREET,JEFFERSON STREET,,,,,LATLONG,BROOKLYN,,N/A,Pending,01/31/2017 03:17:43 AM,The Department of Health and Mental Hygiene will review your complaint to determine appropriate action.  Complaints of this type usually result in an inspection.  Please call 311 in 30 days from the date of your complaint for status,12/14/2016 12:00:00 AM,Unspecified BROOKLYN,BROOKLYN,1002727,193723,Unspecified,BROOKLYN,Unspecified,Unspecified,Unspecified,Unspecified,Unspecified,Unspecified,Unspecified,Unspecified,Unspecified,N,,,,,,,,,,,,40.6983823656851,-73.93336519659339,"(40.6983823656851, -73.93336519659339)"
35146902,01/01/2017 12:00:00 AM,12/14/2016 12:00:00 AM,DOHMH,Department of Health and Mental Hygiene,Rodent,Condition Attracting Rodents,1-2 Family Dwelling,11206,48 JEFFERSON STREET,JEFFERSON STREET,STANWIX STREET,EVERGREEN AVENUE,,,ADDRESS,BROOKLYN,,N/A,Pending,01/31/2017 06:09:09 PM,The Department of Health and Mental Hygiene will review your complaint to determine appropriate action.  Complaints of this type usually result in an inspection.  Please call 311 in 30 days from the date of your complaint for status,12/14/2016 12:00:00 AM,04 BROOKLYN,BROOKLYN,1002765,193819,Unspecified,BROOKLYN,Unspecified,Unspecified,Unspecified,Unspecified,Unspecified,Unspecified,Unspecified,Unspecified,Unspecified,N,,,,,,,,,,,,40.698645783803244,-73.93322789087821,"(40.698645783803244, -73.93322789087821)"
35147034,01/01/2017 12:00:00 AM,01/03/2017 12:00:00 AM,DOHMH,Department of Health and Mental Hygiene,Rodent,Mouse Sighting,Catch Basin/Sewer,10010,,,,,BROADWAY,WEST 25 STREET,INTERSECTION,NEW YORK,,N/A,Closed,01/31/2017 06:27:56 PM,The Department of Health and Mental Hygiene will review your complaint to determine appropriate action.  Complaints of this type usually result in an inspection.  Please call 311 in 30 days from the date of your complaint for status,01/03/2017 12:00:00 AM,05 MANHATTAN,MANHATTAN,987255,209983,Unspecified,MANHATTAN,Unspecified,Unspecified,Unspecified,Unspecified,Unspecified,Unspecified,Unspecified,Unspecified,Unspecified,N,,,,,,,,,,,,40.743030922348815,-73.9891556121082,"(40.743030922348815, -73.9891556121082)"
35147048,01/01/2017 12:00:00 AM,12/09/2016 12:00:00 AM,DOHMH,Department of Health and Mental Hygiene,Rodent,Rat Sighting,3+ Family Mixed Use Building,10003,71 EAST    4 STREET,EAST    4 STREET,BOWERY,2 AVENUE,,,ADDRESS,NEW YORK,,N/A,Pending,01/31/2017 10:23:57 AM,The Department of Health and Mental Hygiene will review your complaint to determine appropriate action.  Complaints of this type usually result in an inspection.  Please call 311 in 30 days from the date of your complaint for status,12/09/2016 12:00:00 AM,03 MANHATTAN,MANHATTAN,986916,203998,Unspecified,MANHATTAN,Unspecified,Unspecified,Unspecified,Unspecified,Unspecified,Unspecified,Unspecified,Unspecified,Unspecified,N,,,,,,,,,,,,40.72660368112309,-73.99038136060382,"(40.72660368112309, -73.99038136060382)"
35147155,01/01/2017 12:00:00 AM,01/04/2017 04:19:56 PM,DOHMH,Department of Health and Mental Hygiene,Unsanitary Pigeon Condition,Pigeon Waste,3+ Family Apartment Building,11208,735 LINCOLN AVENUE,LINCOLN AVENUE,BLAKE AVENUE,DUMONT AVENUE,,,ADDRESS,BROOKLYN,,N/A,Closed,01/31/2017 10:38:08 AM,The Department of Health and Mental Hygiene will review your complaint to determine appropriate action.  Complaints of this type usually result in an inspection.  Please call 311 in 30 days from the date of your complaint for status,01/04/2017 04:19:56 PM,05 BROOKLYN,BROOKLYN,1021402,183837,Unspecified,BROOKLYN,Unspecified,Unspecified,Unspecified,Unspecified,Unspecified,Unspecified,Unspecified,Unspecified,Unspecified,N,,,,,,,,,,,,40.67118888856804,-73.8660709213359,"(40.67118888856804, -73.8660709213359)"
35147648,01/01/2017 12:00:00 AM,01/04/2017 12:00:00 AM,DOHMH,Department of Health and Mental Hygiene,Unsanitary Animal Pvt Property,Dog,3+ Family Apartment Building,10009,277 AVENUE C,AVENUE C,EAST 16 STREET,FDR DRIVE EXIT 7 NORTHBOUND,,,ADDRESS,NEW YORK,,N/A,Closed,01/31/2017 02:25:19 AM,The Department of Health and Mental Hygiene will review your complaint to determine appropriate action.  Complaints of this type usually result in an inspection.  Please call 311 in 30 days from the date of your complaint for status,01/04/2017 12:00:00 AM,06 MANHATTAN,MANHATTAN,991251,205202,Unspecified,MANHATTAN,Unspecified,Unspecified,Unspecified,Unspecified,Unspecified,Unspecified,Unspecified,Unspecified,Unspecified,N,,,,,,,,,,,,40.729905998523414,-73.97473989784582,"(40.729905998523414, -73.97473989784582)"
35147724,01/01/2017 12:00:00 AM,01/01/2017 12:00:01 AM,DOHMH,Department of Health and Mental Hygiene,Food Poisoning,3 or More,Other (Explain Below),10301,797 BRIGHTON AVENUE,BRIGHTON AVENUE,SILVER LAKE ROAD,FOREST AVENUE,,,ADDRESS,STATEN ISLAND,,N/A,Closed,01/15/2017 04:27:27 PM,"Callers should contact the DOHMH Foodborne Illness unit directly at (646) 632-6103 weekdays from 9AM to 5PM.  DOHMH will review your complaint within 24 hours.  Complaints of this type usually result in complainant contact and/or inspection. Initial status will be available 14 days after the date of your complaint. If you are experiencing medical symptoms, please seek medical attention or consult the NYC Poison Control Center.  Please note your Service Request number for future reference.",01/09/2017 04:04:09 PM,01 STATEN ISLAND,STATEN ISLAND,957280,169709,Unspecified,STATEN ISLAND,Unspecified,Unspecified,Unspecified,Unspecified,Unspecified,Unspecified,Unspecified,Unspecified,Unspecified,N,,,,,,,,,,,,40.632447502457715,-74.09716757396842,"(40.632447502457715, -74.09716757396842)"
35147881,01/01/2017 12:00:00 AM,01/04/2017 12:00:00 AM,DOHMH,Department of Health and Mental Hygiene,Rodent,Condition Attracting Rodents,1-2 Family Dwelling,11210,1618 ALBANY AVENUE,ALBANY AVENUE,GLENWOOD ROAD,LONG ISLAND RAILROAD,,,ADDRESS,BROOKLYN,,N/A,Closed,01/31/2017 12:10:23 PM,The Department of Health and Mental Hygiene will review your complaint to determine appropriate action.  Complaints of this type usually result in an inspection.  Please call 311 in 30 days from the date of your complaint for status,01/04/2017 12:00:00 AM,17 BROOKLYN,BROOKLYN,1001682,170223,Unspecified,BROOKLYN,Unspecified,Unspecified,Unspecified,Unspecified,Unspecified,Unspecified,Unspecified,Unspecified,Unspecified,N,,,,,,,,,,,,40.63388222812493,-73.93719461020346,"(40.63388222812493, -73.93719461020346)"
35147948,01/01/2017 12:00:00 AM,01/05/2017 12:00:00 AM,DOHMH,Department of Health and Mental Hygiene,Rodent,Condition Attracting Rodents,1-2 Family Mixed Use Building,11694,1 BEACH  105 STREET,BEACH  105 STREET,SHORE FRONT PARKWAY,ROCKAWAY BEACH BOULEVARD,,,ADDRESS,Rockaway Park,,N/A,Closed,01/31/2017 10:11:35 AM,The Department of Health and Mental Hygiene will review your complaint to determine appropriate action.  Complaints of this type usually result in an inspection.  Please call 311 in 30 days from the date of your complaint for status,01/05/2017 12:00:00 AM,14 QUEENS,QUEENS,1032786,151180,Unspecified,QUEENS,Unspecified,Unspecified,Unspecified,Unspecified,Unspecified,Unspecified,Unspecified,Unspecified,Unspecified,N,,,,,,,,,,,,40.581497376117156,-73.8252677155637,"(40.581497376117156, -73.8252677155637)"
35148085,01/01/2017 12:00:00 AM,01/05/2017 12:00:00 AM,DOHMH,Department of Health and Mental Hygiene,Rodent,Condition Attracting Rodents,1-2 Family Dwelling,11418,85-58 105TH STREET,105TH STREET,,,,,LATLONG,RICHMOND HILL,,N/A,Closed,01/31/2017 02:31:20 PM,The Department of Health and Mental Hygiene will review your complaint to determine appropriate action.  Complaints of this type usually result in an inspection.  Please call 311 in 30 days from the date of your complaint for status,01/05/2017 12:00:00 AM,Unspecified QUEENS,QUEENS,1027703,193359,Unspecified,QUEENS,Unspecified,Unspecified,Unspecified,Unspecified,Unspecified,Unspecified,Unspecified,Unspecified,Unspecified,N,,,,,,,,,,,,40.69729587870561,-73.8432951132946,"(40.69729587870561, -73.8432951132946)"
35148176,01/01/2017 12:00:00 AM,12/28/2016 12:00:00 AM,DOHMH,Department of Health and Mental Hygiene,Rodent,Rat Sighting,3+ Family Apt. Building,10009,249 EAST 2ND STREET,EAST 2ND STREET,,,,,LATLONG,NEW YORK,,N/A,Pending,01/31/2017 05:21:54 PM,The Department of Health and Mental Hygiene will review your complaint to determine appropriate action.  Complaints of this type usually result in an inspection.  Please call 311 in 30 days from the date of your complaint for status,12/28/2016 12:00:00 AM,Unspecified MANHATTAN,MANHATTAN,989323,201994,Unspecified,MANHATTAN,Unspecified,Unspecified,Unspecified,Unspecified,Unspecified,Unspecified,Unspecified,Unspecified,Unspecified,N,,,,,,,,,,,,40.72110213390397,-73.9816986759414,"(40.72110213390397, -73.9816986759414)"
35148177,01/01/2017 12:00:00 AM,01/09/2017 12:00:00 AM,DOHMH,Department of Health and Mental Hygiene,Rodent,Rat Sighting,3+ Family Apt. Building,11435,14159 85TH ROAD,85TH ROAD,,,,,LATLONG,JAMAICA,,N/A,Closed,01/31/2017 07:04:52 PM,The Department of Health and Mental Hygiene will review your complaint to determine appropriate action.  Complaints of this type usually result in an inspection.  Please call 311 in 30 days from the date of your complaint for status,01/09/2017 12:00:00 AM,Unspecified QUEENS,QUEENS,1035779,197918,Unspecified,QUEENS,Unspecified,Unspecified,Unspecified,Unspecified,Unspecified,Unspecified,Unspecified,Unspecified,Unspecified,N,,,,,,,,,,,,40.70976589492457,-73.81413576831484,"(40.70976589492457, -73.81413576831484)"
38072680,01/01/2018 12:00:00 AM,01/09/2018 12:00:00 AM,DOHMH,Department of Health and Mental Hygiene,Rodent,Mouse Sighting,3+ Family Apt. Building,10022,350 EAST 52ND STREET,EAST 52ND STREET,,,,,LATLONG,NEW YORK,,N/A,Closed,01/31/2018 08:39:14 PM,The Department of Health and Mental Hygiene will review your complaint to determine appropriate action.  Complaints of this type usually result in an inspection.  Please call 311 in 30 days from the date of your complaint for status,01/09/2018 12:00:00 AM,01 MANHATTAN,MANHATTAN,993753,214438,Unspecified,MANHATTAN,Unspecified,Unspecified,Unspecified,Unspecified,Unspecified,Unspecified,Unspecified,Unspecified,Unspecified,N,,,,,,,,,,,,40.755254178543346,-73.96569945727816,"(40.755254178543346, -73.96569945727816)"
38072976,01/01/2018 12:00:00 AM,01/09/2018 12:00:00 AM,DOHMH,Department of Health and Mental Hygiene,Unsanitary Animal Pvt Property,Dog,3+ Family Apartment Building,11435,141-68 85 ROAD,85 ROAD,BEND,143 STREET,,,ADDRESS,Jamaica,,N/A,Closed,01/31/2018 11:40:44 AM,The Department of Health and Mental Hygiene will review your complaint to determine appropriate action.  Complaints of this type usually result in an inspection.  Please call 311 in 30 days from the date of your complaint for status,01/09/2018 12:00:00 AM,08 QUEENS,QUEENS,1035598,197856,Unspecified,QUEENS,Unspecified,Unspecified,Unspecified,Unspecified,Unspecified,Unspecified,Unspecified,Unspecified,Unspecified,N,,,,,,,,,,,,40.70959677227136,-73.81478910314195,"(40.70959677227136, -73.81478910314195)"
38073209,01/01/2018 12:00:00 AM,01/09/2018 12:00:00 AM,DOHMH,Department of Health and Mental Hygiene,Rodent,Condition Attracting Rodents,3+ Family Apt. Building,10457,1515 SELWYN AVENUE,SELWYN AVENUE,EAST 172 STREET,EAST MT EDEN AVENUE,,,ADDRESS,BRONX,,N/A,Closed,01/31/2018 09:31:49 AM,The Department of Health and Mental Hygiene will review your complaint to determine appropriate action.  Complaints of this type usually result in an inspection.  Please call 311 in 30 days from the date of your complaint for status,01/09/2018 12:00:00 AM,04 BRONX,BRONX,1009067,245630,Unspecified,BRONX,Unspecified,Unspecified,Unspecified,Unspecified,Unspecified,Unspecified,Unspecified,Unspecified,Unspecified,N,,,,,,,,,,,,40.84083795474705,-73.910309187823,"(40.84083795474705, -73.910309187823)"
38079035,01/01/2018 12:00:00 AM,01/16/2018 11:24:54 AM,DOHMH,Department of Health and Mental Hygiene,Rodent,Rat Sighting,3+ Family Mixed Use Building,11225,426 ROGERS AVENUE,ROGERS AVENUE,STERLING STREET,LEFFERTS AVENUE,,,ADDRESS,BROOKLYN,,N/A,Closed,01/31/2018 11:47:58 PM,The Department of Health and Mental Hygiene will review your complaint to determine appropriate action.  Complaints of this type usually result in an inspection.  Please call 311 in 30 days from the date of your complaint for status,01/16/2018 11:24:54 AM,09 BROOKLYN,BROOKLYN,997087,180587,Unspecified,BROOKLYN,Unspecified,Unspecified,Unspecified,Unspecified,Unspecified,Unspecified,Unspecified,Unspecified,Unspecified,N,,,,,,,,,,,,40.662337010769164,-73.95373011283644,"(40.662337010769164, -73.95373011283644)"
38079000,01/01/2018 12:00:00 AM,01/12/2018 12:00:00 AM,DOHMH,Department of Health and Mental Hygiene,Rodent,Mouse Sighting,3+ Family Apt. Building,11367,155-23 JEWEL AVENUE,JEWEL AVENUE,,,,,LATLONG,FLUSHING,,N/A,Closed,01/31/2018 11:04:50 PM,The Department of Health and Mental Hygiene will review your complaint to determine appropriate action.  Complaints of this type usually result in an inspection.  Please call 311 in 30 days from the date of your complaint for status,01/12/2018 11:16:52 AM,01 QUEENS,QUEENS,1036296,206187,Unspecified,QUEENS,Unspecified,Unspecified,Unspecified,Unspecified,Unspecified,Unspecified,Unspecified,Unspecified,Unspecified,N,,,,,,,,,,,,40.73245922636861,-73.81220702185927,"(40.73245922636861, -73.81220702185927)"
38073978,01/01/2018 12:00:00 AM,01/03/2018 12:00:00 AM,DOHMH,Department of Health and Mental Hygiene,Rodent,Mouse Sighting,3+ Family Apt. Building,11102,14-26 30 DRIVE,30 DRIVE,14 STREET,21 STREET,,,ADDRESS,Astoria,,N/A,Closed,01/31/2018 01:52:58 PM,The Department of Health and Mental Hygiene will review your complaint to determine appropriate action.  Complaints of this type usually result in an inspection.  Please call 311 in 30 days from the date of your complaint for status,01/03/2018 12:00:00 AM,01 QUEENS,QUEENS,1003366,219444,Unspecified,QUEENS,Unspecified,Unspecified,Unspecified,Unspecified,Unspecified,Unspecified,Unspecified,Unspecified,Unspecified,N,,,,,,,,,,,,40.768978799614835,-73.93098765117627,"(40.768978799614835, -73.93098765117627)"
38073985,01/01/2018 12:00:00 AM,01/09/2018 12:00:00 AM,DOHMH,Department of Health and Mental Hygiene,Rodent,Condition Attracting Rodents,3+ Family Mixed Use Building,11354,37-06 PRINCE STREET,PRINCE STREET,37 AVENUE,BEND,,,ADDRESS,Flushing,,N/A,Closed,01/31/2018 11:00:53 PM,The Department of Health and Mental Hygiene will review your complaint to determine appropriate action.  Complaints of this type usually result in an inspection.  Please call 311 in 30 days from the date of your complaint for status,01/09/2018 12:00:00 AM,07 QUEENS,QUEENS,1030540,216457,Unspecified,QUEENS,Unspecified,Unspecified,Unspecified,Unspecified,Unspecified,Unspecified,Unspecified,Unspecified,Unspecified,N,,,,,,,,,,,,40.7606797441767,-73.83290514783418,"(40.7606797441767, -73.83290514783418)"
38076752,01/01/2018 12:00:00 AM,01/03/2018 12:00:00 AM,DOHMH,Department of Health and Mental Hygiene,Rodent,Condition Attracting Rodents,3+ Family Apt. Building,11102,14-26 30 DRIVE,30 DRIVE,14 STREET,21 STREET,,,ADDRESS,Astoria,,N/A,Closed,01/31/2018 01:50:45 PM,The Department of Health and Mental Hygiene will review your complaint to determine appropriate action.  Complaints of this type usually result in an inspection.  Please call 311 in 30 days from the date of your complaint for status,01/03/2018 12:00:00 AM,01 QUEENS,QUEENS,1003366,219444,Unspecified,QUEENS,Unspecified,Unspecified,Unspecified,Unspecified,Unspecified,Unspecified,Unspecified,Unspecified,Unspecified,N,,,,,,,,,,,,40.768978799614835,-73.93098765117627,"(40.768978799614835, -73.93098765117627)"
38081286,01/01/2018 12:00:00 AM,01/10/2018 12:00:00 AM,DOHMH,Department of Health and Mental Hygiene,Rodent,Condition Attracting Rodents,Commercial Building,11433,111-83 157 STREET,157 STREET,111 AVENUE,113 AVENUE,,,ADDRESS,Jamaica,,N/A,Closed,01/31/2018 01:00:54 PM,The Department of Health and Mental Hygiene will review your complaint to determine appropriate action.  Complaints of this type usually result in an inspection.  Please call 311 in 30 days from the date of your complaint for status,01/10/2018 12:00:00 AM,12 QUEENS,QUEENS,1041993,190618,Unspecified,QUEENS,Unspecified,Unspecified,Unspecified,Unspecified,Unspecified,Unspecified,Unspecified,Unspecified,Unspecified,N,,,,,,,,,,,,40.68969078524761,-73.79178464292826,"(40.68969078524761, -73.79178464292826)"
38081444,01/01/2018 12:00:00 AM,01/17/2018 05:59:46 PM,DOHMH,Department of Health and Mental Hygiene,Rodent,Rat Sighting,3+ Family Apt. Building,10456,309 EAST  170 STREET,EAST  170 STREET,COLLEGE AVENUE,FINDLAY AVENUE,,,ADDRESS,BRONX,,N/A,Closed,01/31/2018 08:24:23 PM,The Department of Health and Mental Hygiene will review your complaint to determine appropriate action.  Complaints of this type usually result in an inspection.  Please call 311 in 30 days from the date of your complaint for status,01/17/2018 05:59:46 PM,04 BRONX,BRONX,1009061,244381,Unspecified,BRONX,Unspecified,Unspecified,Unspecified,Unspecified,Unspecified,Unspecified,Unspecified,Unspecified,Unspecified,N,,,,,,,,,,,,40.83740983152909,-73.91033549285669,"(40.83740983152909, -73.91033549285669)"
38075116,01/01/2018 12:00:00 AM,01/17/2018 12:00:00 AM,DOHMH,Department of Health and Mental Hygiene,Rodent,Condition Attracting Rodents,3+ Family Mixed Use Building,11229,2242 BRAGG STREET,BRAGG STREET,AVENUE V,AVENUE W,,,ADDRESS,BROOKLYN,,N/A,Closed,01/31/2018 12:50:56 PM,The Department of Health and Mental Hygiene will review your complaint to determine appropriate action.  Complaints of this type usually result in an inspection.  Please call 311 in 30 days from the date of your complaint for status,01/17/2018 12:00:00 AM,15 BROOKLYN,BROOKLYN,1002127,157111,Unspecified,BROOKLYN,Unspecified,Unspecified,Unspecified,Unspecified,Unspecified,Unspecified,Unspecified,Unspecified,Unspecified,N,,,,,,,,,,,,40.597891625703355,-73.93562604623519,"(40.597891625703355, -73.93562604623519)"
38081433,01/01/2018 12:00:00 AM,01/18/2018 07:56:01 PM,DOHMH,Department of Health and Mental Hygiene,Rodent,Mouse Sighting,3+ Family Apt. Building,10455,610 TRINITY AVENUE,TRINITY AVENUE,EAST 149 STREET,PONTIAC PLACE,,,ADDRESS,BRONX,,N/A,Closed,01/31/2018 02:23:38 AM,The Department of Health and Mental Hygiene will review your complaint to determine appropriate action.  Complaints of this type usually result in an inspection.  Please call 311 in 30 days from the date of your complaint for status,01/18/2018 07:56:01 PM,01 BRONX,BRONX,1009272,236056,Unspecified,BRONX,Unspecified,Unspecified,Unspecified,Unspecified,Unspecified,Unspecified,Unspecified,Unspecified,Unspecified,N,,,,,,,,,,,,40.814559493267296,-73.90960400717243,"(40.814559493267296, -73.90960400717243)"
38075257,01/01/2018 12:00:00 AM,,DOHMH,Department of Health and Mental Hygiene,Rodent,Mouse Sighting,3+ Family Apt. Building,11369,26-11 96 STREET,96 STREET,ASTORIA BOULEVARD,30 AVENUE,,,ADDRESS,East Elmhurst,,N/A,Assigned,01/31/2018 09:39:22 AM,The Department of Health and Mental Hygiene will review your complaint to determine appropriate action.  Complaints of this type usually result in an inspection.  Please call 311 in 30 days from the date of your complaint for status,01/01/2018 09:45:33 AM,03 QUEENS,QUEENS,1019388,216992,Unspecified,QUEENS,Unspecified,Unspecified,Unspecified,Unspecified,Unspecified,Unspecified,Unspecified,Unspecified,Unspecified,N,,,,,,,,,,,,40.762199535315744,-73.87315810370427,"(40.762199535315744, -73.87315810370427)"
38075516,01/01/2018 12:00:00 AM,01/10/2018 02:02:37 PM,DOHMH,Department of Health and Mental Hygiene,Rodent,Condition Attracting Rodents,3+ Family Apt. Building,10303,273 PULASKI AVENUE,PULASKI AVENUE,,,,,LATLONG,STATEN ISLAND,,N/A,Closed,01/31/2018 12:44:40 PM,The Department of Health and Mental Hygiene will review your complaint to determine appropriate action.  Complaints of this type usually result in an inspection.  Please call 311 in 30 days from the date of your complaint for status,01/10/2018 02:02:37 PM,01 STATEN ISLAND,STATEN ISLAND,943316,169440,Unspecified,STATEN ISLAND,Unspecified,Unspecified,Unspecified,Unspecified,Unspecified,Unspecified,Unspecified,Unspecified,Unspecified,N,,,,,,,,,,,,40.63165563325763,-74.14747539270267,"(40.63165563325763, -74.14747539270267)"
38079935,01/01/2018 12:00:00 AM,01/10/2018 12:00:00 AM,DOHMH,Department of Health and Mental Hygiene,Unsanitary Pigeon Condition,Pigeon Waste,3+ Family Mixed Use Building,11432,164-03 89 AVENUE,89 AVENUE,164 STREET,165 STREET,,,ADDRESS,Jamaica,,N/A,Closed,01/31/2018 04:08:46 PM,The Department of Health and Mental Hygiene will review your complaint to determine appropriate action.  Complaints of this type usually result in an inspection.  Please call 311 in 30 days from the date of your complaint for status,01/10/2018 12:00:00 AM,12 QUEENS,QUEENS,1040527,197095,Unspecified,QUEENS,Unspecified,Unspecified,Unspecified,Unspecified,Unspecified,Unspecified,Unspecified,Unspecified,Unspecified,N,,,,,,,,,,,,40.7074780352605,-73.7970167501265,"(40.7074780352605, -73.7970167501265)"
38071595,01/01/2018 12:00:00 AM,01/18/2018 12:00:00 AM,DOHMH,Department of Health and Mental Hygiene,Rodent,Rat Sighting,3+ Family Apt. Building,11216,231 TOMPKINS AVENUE,TOMPKINS AVENUE,KOSCIUSZKO STREET,LAFAYETTE AVENUE,,,ADDRESS,BROOKLYN,,N/A,Closed,01/31/2018 02:12:01 AM,The Department of Health and Mental Hygiene will review your complaint to determine appropriate action.  Complaints of this type usually result in an inspection.  Please call 311 in 30 days from the date of your complaint for status,01/18/2018 12:00:00 AM,03 BROOKLYN,BROOKLYN,999378,191077,Unspecified,BROOKLYN,Unspecified,Unspecified,Unspecified,Unspecified,Unspecified,Unspecified,Unspecified,Unspecified,Unspecified,N,,,,,,,,,,,,40.69112606931857,-73.94544885157235,"(40.69112606931857, -73.94544885157235)"
38072872,01/01/2018 12:00:00 AM,01/22/2018 12:00:00 AM,DOHMH,Department of Health and Mental Hygiene,Rodent,Rat Sighting,Other (Explain Below),10467,3500 TRYON AVENUE,TRYON AVENUE,,,,,LATLONG,BRONX,,N/A,Closed,01/31/2018 03:12:21 PM,The Department of Health and Mental Hygiene will review your complaint to determine appropriate action.  Complaints of this type usually result in an inspection.  Please call 311 in 30 days from the date of your complaint for status,01/22/2018 12:00:00 AM,01 BRONX,BRONX,1018381,260077,Unspecified,BRONX,Unspecified,Unspecified,Unspecified,Unspecified,Unspecified,Unspecified,Unspecified,Unspecified,Unspecified,N,,,,,,,,,,,,40.880459494051706,-73.87657404574215,"(40.880459494051706, -73.87657404574215)"
38080276,01/01/2018 12:00:00 AM,01/18/2018 12:00:00 AM,DOHMH,Department of Health and Mental Hygiene,Rodent,Rat Sighting,3+ Family Apt. Building,11428,214-57 JAMAICA AVE,JAMAICA AVE,,,,,LATLONG,QUEENS VILLAGE,,N/A,Closed,01/31/2018 04:53:00 PM,The Department of Health and Mental Hygiene will review your complaint to determine appropriate action.  Complaints of this type usually result in an inspection.  Please call 311 in 30 days from the date of your complaint for status,01/18/2018 12:00:00 AM,13 QUEENS,QUEENS,1055798,200585,Unspecified,QUEENS,Unspecified,Unspecified,Unspecified,Unspecified,Unspecified,Unspecified,Unspecified,Unspecified,Unspecified,N,,,,,,,,,,,,40.716946907704006,-73.74189958903405,"(40.716946907704006, -73.74189958903405)"
